2016-07-11 10:29:00,789,¼ÇÂ¼Êý£º7369Ìõ
2016-07-11 10:29:18,557,(changesave|836610901,WFTS.Bool.Rd.b0.241,1):(ok)
2016-07-11 10:29:18,557,(changesave|836610901,WFTS.Bool.Rd.b0.525,1):(ok)
2016-07-11 10:29:18,557,(changesave|836610901,WFTS.Bool.Rd.b0.657,1):(ok)
2016-07-11 10:29:18,573,(changesave|836610901,WFTS.Bool.Rd.b0.001,1):(ok)
2016-07-11 10:29:18,932,(changesave|836610901,WFTS.Bool.Rd.b0.242,1):(ok)
2016-07-11 10:29:18,932,(changesave|836610901,WFTS.Bool.Rd.b0.526,1):(ok)
2016-07-11 10:29:18,932,(changesave|836610901,WFTS.Bool.Rd.b0.658,1):(ok)
2016-07-11 10:29:18,932,(changesave|836610901,WFTS.Bool.Rd.b0.002,1):(ok)
2016-07-11 10:29:19,276,(changesave|836610901,WFTS.Bool.Rd.b0.243,1):(ok)
2016-07-11 10:29:19,307,(changesave|836610901,WFTS.Bool.Rd.b0.659,1):(ok)
2016-07-11 10:29:19,307,(changesave|836610901,WFTS.Bool.Rd.b0.527,1):(ok)
2016-07-11 10:29:19,307,(changesave|836610901,WFTS.Bool.Rd.b0.003,1):(ok)
2016-07-11 10:29:19,573,(changesave|836610901,WFTS.Bool.Rd.b0.794,1):(ok)
2016-07-11 10:29:19,620,(changesave|836610901,WFTS.Bool.Rd.b0.244,1):(ok)
2016-07-11 10:29:19,667,(changesave|836610901,WFTS.Bool.Rd.b0.528,1):(ok)
2016-07-11 10:29:19,667,(changesave|836610901,WFTS.Bool.Rd.b0.660,1):(ok)
2016-07-11 10:29:19,667,(changesave|836610901,WFTS.Bool.Rd.b0.004,1):(ok)
2016-07-11 10:29:19,932,(changesave|836610901,WFTS.Bool.Rd.b0.795,1):(ok)
2016-07-11 10:29:19,964,(changesave|836610901,WFTS.Bool.Rd.b0.245,1):(ok)
2016-07-11 10:29:20,011,(changesave|836610901,WFTS.Bool.Rd.b0.529,1):(ok)
2016-07-11 10:29:20,011,(changesave|836610901,WFTS.Bool.Rd.b0.005,1):(ok)
2016-07-11 10:29:20,011,(changesave|836610901,WFTS.Bool.Rd.b0.661,1):(ok)
2016-07-11 10:29:20,276,(changesave|836610901,WFTS.Bool.Rd.b0.796,1):(ok)
2016-07-11 10:29:20,307,(changesave|836610901,WFTS.Bool.Rd.b0.246,1):(ok)
2016-07-11 10:29:20,370,(changesave|836610901,WFTS.Bool.Rd.b0.662,1):(ok)
2016-07-11 10:29:20,370,(changesave|836610901,WFTS.Bool.Rd.b0.530,1):(ok)
2016-07-11 10:29:20,370,(changesave|836610901,WFTS.Bool.Rd.b0.006,1):(ok)
2016-07-11 10:29:20,627,(changesave|836610901,WFTS.Bool.Rd.b0.797,1):(ok)
2016-07-11 10:29:20,658,(changesave|836610901,WFTS.Bool.Rd.b0.257,1):(ok)
2016-07-11 10:29:20,721,(changesave|836610901,WFTS.Bool.Rd.b0.663,1):(ok)
2016-07-11 10:29:20,736,(changesave|836610901,WFTS.Bool.Rd.b0.007,1):(ok)
2016-07-11 10:29:20,736,(changesave|836610901,WFTS.Bool.Rd.b0.531,1):(ok)
2016-07-11 10:29:20,971,(changesave|836610901,WFTS.Bool.Rd.b0.798,1):(ok)
2016-07-11 10:29:21,002,(changesave|836610901,WFTS.Bool.Rd.b0.264,1):(ok)
2016-07-11 10:29:21,064,(changesave|836610901,WFTS.Bool.Rd.b0.664,1):(ok)
2016-07-11 10:29:21,080,(changesave|836610901,WFTS.Bool.Rd.b0.008,1):(ok)
2016-07-11 10:29:21,080,(changesave|836610901,WFTS.Bool.Rd.b0.532,1):(ok)
2016-07-11 10:29:21,314,(changesave|836610901,WFTS.Bool.Rd.b0.799,1):(ok)
2016-07-11 10:29:21,346,(changesave|836610901,WFTS.Bool.Rd.b0.265,1):(ok)
2016-07-11 10:29:21,411,(changesave|836610901,WFTS.Bool.Rd.b0.665,1):(ok)
2016-07-11 10:29:21,442,(changesave|836610901,WFTS.Bool.Rd.b0.009,1):(ok)
2016-07-11 10:29:21,442,(changesave|836610901,WFTS.Bool.Rd.b0.533,1):(ok)
2016-07-11 10:29:21,733,(changesave|836610901,WFTS.Bool.Rd.b0.801,1):(ok)
2016-07-11 10:29:21,733,(changesave|836610901,WFTS.Bool.Rd.b0.269,1):(ok)
2016-07-11 10:29:21,749,(changesave|836610901,WFTS.Bool.Rd.b0.666,1):(ok)
2016-07-11 10:29:21,796,(changesave|836610901,WFTS.Bool.Rd.b0.534,1):(ok)
2016-07-11 10:29:21,796,(changesave|836610901,WFTS.Bool.Rd.b0.010,1):(ok)
2016-07-11 10:29:22,093,(changesave|836610901,WFTS.Bool.Rd.b0.802,1):(ok)
2016-07-11 10:29:22,093,(changesave|836610901,WFTS.Bool.Rd.b0.667,1):(ok)
2016-07-11 10:29:22,093,(changesave|836610901,WFTS.Bool.Rd.b0.270,1):(ok)
2016-07-11 10:29:22,140,(changesave|836610901,WFTS.Bool.Rd.b0.012,1):(ok)
2016-07-11 10:29:22,140,(changesave|836610901,WFTS.Bool.Rd.b0.535,1):(ok)
2016-07-11 10:29:22,468,(changesave|836610901,WFTS.Bool.Rd.b0.803,1):(ok)
2016-07-11 10:29:22,483,(changesave|836610901,WFTS.Bool.Rd.b0.278,1):(ok)
2016-07-11 10:29:22,483,(changesave|836610901,WFTS.Bool.Rd.b0.668,1):(ok)
2016-07-11 10:29:22,498,(changesave|836610901,WFTS.Bool.Rd.b0.536,1):(ok)
2016-07-11 10:29:22,499,(changesave|836610901,WFTS.Bool.Rd.b0.016,1):(ok)
2016-07-11 10:29:22,813,(changesave|836610901,WFTS.Bool.Rd.b0.804,1):(ok)
2016-07-11 10:29:22,829,(changesave|836610901,WFTS.Bool.Rd.b0.669,1):(ok)
2016-07-11 10:29:22,829,(changesave|836610901,WFTS.Bool.Rd.b0.282,1):(ok)
2016-07-11 10:29:22,844,(changesave|836610901,WFTS.Bool.Rd.b0.537,1):(ok)
2016-07-11 10:29:22,844,(changesave|836610901,WFTS.Bool.Rd.b0.017,1):(ok)
2016-07-11 10:29:23,157,(changesave|836610901,WFTS.Bool.Rd.b0.805,1):(ok)
2016-07-11 10:29:23,188,(changesave|836610901,WFTS.Bool.Rd.b0.283,1):(ok)
2016-07-11 10:29:23,188,(changesave|836610901,WFTS.Bool.Rd.b0.538,1):(ok)
2016-07-11 10:29:23,188,(changesave|836610901,WFTS.Bool.Rd.b0.670,1):(ok)
2016-07-11 10:29:23,188,(changesave|836610901,WFTS.Bool.Rd.b0.018,1):(ok)
2016-07-11 10:29:23,494,(changesave|836610901,WFTS.Bool.Rd.b0.806,1):(ok)
2016-07-11 10:29:23,533,(changesave|836610901,WFTS.Bool.Rd.b0.671,1):(ok)
2016-07-11 10:29:23,534,(changesave|836610901,WFTS.Bool.Rd.b0.284,1):(ok)
2016-07-11 10:29:23,534,(changesave|836610901,WFTS.Bool.Rd.b0.539,1):(ok)
2016-07-11 10:29:23,536,(changesave|836610901,WFTS.Bool.Rd.b0.019,1):(ok)
2016-07-11 10:29:23,838,(changesave|836610901,WFTS.Bool.Rd.b0.807,1):(ok)
2016-07-11 10:29:23,885,(changesave|836610901,WFTS.Bool.Rd.b0.540,1):(ok)
2016-07-11 10:29:23,885,(changesave|836610901,WFTS.Bool.Rd.b0.285,1):(ok)
2016-07-11 10:29:23,885,(changesave|836610901,WFTS.Bool.Rd.b0.020,1):(ok)
2016-07-11 10:29:23,885,(changesave|836610901,WFTS.Bool.Rd.b0.672,1):(ok)
2016-07-11 10:29:24,198,(changesave|836610901,WFTS.Bool.Rd.b0.808,1):(ok)
2016-07-11 10:29:24,244,(changesave|836610901,WFTS.Bool.Rd.b0.022,1):(ok)
2016-07-11 10:29:24,244,(changesave|836610901,WFTS.Bool.Rd.b0.673,1):(ok)
2016-07-11 10:29:24,260,(changesave|836610901,WFTS.Bool.Rd.b0.541,1):(ok)
2016-07-11 10:29:24,260,(changesave|836610901,WFTS.Bool.Rd.b0.286,1):(ok)
2016-07-11 10:29:24,551,(changesave|836610901,WFTS.Bool.Rd.b0.809,1):(ok)
2016-07-11 10:29:24,598,(changesave|836610901,WFTS.Bool.Rd.b0.023,1):(ok)
2016-07-11 10:29:24,614,(changesave|836610901,WFTS.Bool.Rd.b0.542,1):(ok)
2016-07-11 10:29:24,614,(changesave|836610901,WFTS.Bool.Rd.b0.674,1):(ok)
2016-07-11 10:29:24,614,(changesave|836610901,WFTS.Bool.Rd.b0.287,1):(ok)
2016-07-11 10:29:24,901,(changesave|836610901,WFTS.Bool.Rd.b0.810,1):(ok)
2016-07-11 10:29:24,948,(changesave|836610901,WFTS.Bool.Rd.b0.026,1):(ok)
2016-07-11 10:29:24,964,(changesave|836610901,WFTS.Bool.Rd.b0.288,1):(ok)
2016-07-11 10:29:24,964,(changesave|836610901,WFTS.Bool.Rd.b0.543,1):(ok)
2016-07-11 10:29:24,964,(changesave|836610901,WFTS.Bool.Rd.b0.675,1):(ok)
2016-07-11 10:29:25,261,(changesave|836610901,WFTS.Bool.Rd.b0.811,1):(ok)
2016-07-11 10:29:25,292,(changesave|836610901,WFTS.Bool.Rd.b0.027,1):(ok)
2016-07-11 10:29:25,323,(changesave|836610901,WFTS.Bool.Rd.b0.292,1):(ok)
2016-07-11 10:29:25,323,(changesave|836610901,WFTS.Bool.Rd.b0.544,1):(ok)
2016-07-11 10:29:25,323,(changesave|836610901,WFTS.Bool.Rd.b0.676,1):(ok)
2016-07-11 10:29:25,621,(changesave|836610901,WFTS.Bool.Rd.b0.812,1):(ok)
2016-07-11 10:29:25,637,(changesave|836610901,WFTS.Bool.Rd.b0.028,1):(ok)
2016-07-11 10:29:25,684,(changesave|836610901,WFTS.Bool.Rd.b0.545,1):(ok)
2016-07-11 10:29:25,684,(changesave|836610901,WFTS.Bool.Rd.b0.677,1):(ok)
2016-07-11 10:29:25,684,(changesave|836610901,WFTS.Bool.Rd.b0.293,1):(ok)
2016-07-11 10:29:25,965,(changesave|836610901,WFTS.Bool.Rd.b0.813,1):(ok)
2016-07-11 10:29:25,980,(changesave|836610901,WFTS.Bool.Rd.b0.037,1):(ok)
2016-07-11 10:29:26,043,(changesave|836610901,WFTS.Bool.Rd.b0.546,1):(ok)
2016-07-11 10:29:26,043,(changesave|836610901,WFTS.Bool.Rd.b0.678,1):(ok)
2016-07-11 10:29:26,043,(changesave|836610901,WFTS.Bool.Rd.b0.294,1):(ok)
2016-07-11 10:29:26,309,(changesave|836610901,WFTS.Bool.Rd.b0.814,1):(ok)
2016-07-11 10:29:26,324,(changesave|836610901,WFTS.Bool.Rd.b0.038,1):(ok)
2016-07-11 10:29:26,387,(changesave|836610901,WFTS.Bool.Rd.b0.679,1):(ok)
2016-07-11 10:29:26,387,(changesave|836610901,WFTS.Bool.Rd.b0.547,1):(ok)
2016-07-11 10:29:26,387,(changesave|836610901,WFTS.Bool.Rd.b0.295,1):(ok)
2016-07-11 10:29:26,664,(changesave|836610901,WFTS.Bool.Rd.b0.815,1):(ok)
2016-07-11 10:29:26,680,(changesave|836610901,WFTS.Bool.Rd.b0.039,1):(ok)
2016-07-11 10:29:26,758,(changesave|836610901,WFTS.Bool.Rd.b0.548,1):(ok)
2016-07-11 10:29:26,758,(changesave|836610901,WFTS.Bool.Rd.b0.680,1):(ok)
2016-07-11 10:29:26,758,(changesave|836610901,WFTS.Bool.Rd.b0.296,1):(ok)
2016-07-11 10:29:27,008,(changesave|836610901,WFTS.Bool.Rd.b0.816,1):(ok)
2016-07-11 10:29:27,023,(changesave|836610901,WFTS.Bool.Rd.b0.040,1):(ok)
2016-07-11 10:29:27,117,(changesave|836610901,WFTS.Bool.Rd.b0.681,1):(ok)
2016-07-11 10:29:27,117,(changesave|836610901,WFTS.Bool.Rd.b0.297,1):(ok)
2016-07-11 10:29:27,117,(changesave|836610901,WFTS.Bool.Rd.b0.549,1):(ok)
2016-07-11 10:29:27,352,(changesave|836610901,WFTS.Bool.Rd.b0.817,1):(ok)
2016-07-11 10:29:27,367,(changesave|836610901,WFTS.Bool.Rd.b0.041,1):(ok)
2016-07-11 10:29:27,461,(changesave|836610901,WFTS.Bool.Rd.b0.550,1):(ok)
2016-07-11 10:29:27,461,(changesave|836610901,WFTS.Bool.Rd.b0.682,1):(ok)
2016-07-11 10:29:27,461,(changesave|836610901,WFTS.Bool.Rd.b0.302,1):(ok)
2016-07-11 10:29:27,697,(changesave|836610901,WFTS.Bool.Rd.b0.818,1):(ok)
2016-07-11 10:29:27,712,(changesave|836610901,WFTS.Bool.Rd.b0.042,1):(ok)
2016-07-11 10:29:27,822,(changesave|836610901,WFTS.Bool.Rd.b0.303,1):(ok)
2016-07-11 10:29:27,822,(changesave|836610901,WFTS.Bool.Rd.b0.683,1):(ok)
2016-07-11 10:29:27,822,(changesave|836610901,WFTS.Bool.Rd.b0.551,1):(ok)
2016-07-11 10:29:28,056,(changesave|836610901,WFTS.Bool.Rd.b0.045,1):(ok)
2016-07-11 10:29:28,056,(changesave|836610901,WFTS.Bool.Rd.b0.819,1):(ok)
2016-07-11 10:29:28,181,(changesave|836610901,WFTS.Bool.Rd.b0.307,1):(ok)
2016-07-11 10:29:28,181,(changesave|836610901,WFTS.Bool.Rd.b0.684,1):(ok)
2016-07-11 10:29:28,181,(changesave|836610901,WFTS.Bool.Rd.b0.552,1):(ok)
2016-07-11 10:29:28,431,(changesave|836610901,WFTS.Bool.Rd.b0.046,1):(ok)
2016-07-11 10:29:28,431,(changesave|836610901,WFTS.Bool.Rd.b0.820,1):(ok)
2016-07-11 10:29:28,547,(changesave|836610901,WFTS.Bool.Rd.b0.308,1):(ok)
2016-07-11 10:29:28,547,(changesave|836610901,WFTS.Bool.Rd.b0.553,1):(ok)
2016-07-11 10:29:28,547,(changesave|836610901,WFTS.Bool.Rd.b0.685,1):(ok)
2016-07-11 10:29:28,797,(changesave|836610901,WFTS.Bool.Rd.b0.047,1):(ok)
2016-07-11 10:29:28,797,(changesave|836610901,WFTS.Bool.Rd.b0.821,1):(ok)
2016-07-11 10:29:28,890,(changesave|836610901,WFTS.Bool.Rd.b0.554,1):(ok)
2016-07-11 10:29:28,890,(changesave|836610901,WFTS.Bool.Rd.b0.686,1):(ok)
2016-07-11 10:29:28,890,(changesave|836610901,WFTS.Bool.Rd.b0.309,1):(ok)
2016-07-11 10:29:29,156,(changesave|836610901,WFTS.Bool.Rd.b0.048,1):(ok)
2016-07-11 10:29:29,156,(changesave|836610901,WFTS.Bool.Rd.b0.822,1):(ok)
2016-07-11 10:29:29,266,(changesave|836610901,WFTS.Bool.Rd.b0.555,1):(ok)
2016-07-11 10:29:29,266,(changesave|836610901,WFTS.Bool.Rd.b0.310,1):(ok)
2016-07-11 10:29:29,266,(changesave|836610901,WFTS.Bool.Rd.b0.687,1):(ok)
2016-07-11 10:29:29,508,(changesave|836610901,WFTS.Bool.Rd.b0.049,1):(ok)
2016-07-11 10:29:29,515,(changesave|836610901,WFTS.Bool.Rd.b0.823,1):(ok)
2016-07-11 10:29:29,621,(changesave|836610901,WFTS.Bool.Rd.b0.556,1):(ok)
2016-07-11 10:29:29,637,(changesave|836610901,WFTS.Bool.Rd.b0.316,1):(ok)
2016-07-11 10:29:29,637,(changesave|836610901,WFTS.Bool.Rd.b0.688,1):(ok)
2016-07-11 10:29:29,855,(changesave|836610901,WFTS.Bool.Rd.b0.824,1):(ok)
2016-07-11 10:29:29,855,(changesave|836610901,WFTS.Bool.Rd.b0.050,1):(ok)
2016-07-11 10:29:29,965,(changesave|836610901,WFTS.Bool.Rd.b0.557,1):(ok)
2016-07-11 10:29:29,980,(changesave|836610901,WFTS.Bool.Rd.b0.317,1):(ok)
2016-07-11 10:29:29,980,(changesave|836610901,WFTS.Bool.Rd.b0.689,1):(ok)
2016-07-11 10:29:30,215,(changesave|836610901,WFTS.Bool.Rd.b0.825,1):(ok)
2016-07-11 10:29:30,215,(changesave|836610901,WFTS.Bool.Rd.b0.051,1):(ok)
2016-07-11 10:29:30,324,(changesave|836610901,WFTS.Bool.Rd.b0.558,1):(ok)
2016-07-11 10:29:30,340,(changesave|836610901,WFTS.Bool.Rd.b0.690,1):(ok)
2016-07-11 10:29:30,340,(changesave|836610901,WFTS.Bool.Rd.b0.325,1):(ok)
2016-07-11 10:29:30,566,(changesave|836610901,WFTS.Bool.Rd.b0.826,1):(ok)
2016-07-11 10:29:30,566,(changesave|836610901,WFTS.Bool.Rd.b0.052,1):(ok)
2016-07-11 10:29:30,676,(changesave|836610901,WFTS.Bool.Rd.b0.559,1):(ok)
2016-07-11 10:29:30,691,(changesave|836610901,WFTS.Bool.Rd.b0.691,1):(ok)
2016-07-11 10:29:30,691,(changesave|836610901,WFTS.Bool.Rd.b0.326,1):(ok)
2016-07-11 10:29:30,910,(changesave|836610901,WFTS.Bool.Rd.b0.827,1):(ok)
2016-07-11 10:29:30,926,(changesave|836610901,WFTS.Bool.Rd.b0.053,1):(ok)
2016-07-11 10:29:31,019,(changesave|836610901,WFTS.Bool.Rd.b0.560,1):(ok)
2016-07-11 10:29:31,051,(changesave|836610901,WFTS.Bool.Rd.b0.692,1):(ok)
2016-07-11 10:29:31,051,(changesave|836610901,WFTS.Bool.Rd.b0.333,1):(ok)
2016-07-11 10:29:31,254,(changesave|836610901,WFTS.Bool.Rd.b0.829,1):(ok)
2016-07-11 10:29:31,269,(changesave|836610901,WFTS.Bool.Rd.b0.054,1):(ok)
2016-07-11 10:29:31,363,(changesave|836610901,WFTS.Bool.Rd.b0.561,1):(ok)
2016-07-11 10:29:31,394,(changesave|836610901,WFTS.Bool.Rd.b0.334,1):(ok)
2016-07-11 10:29:31,394,(changesave|836610901,WFTS.Bool.Rd.b0.693,1):(ok)
2016-07-11 10:29:31,607,(changesave|836610901,WFTS.Bool.Rd.b0.830,1):(ok)
2016-07-11 10:29:31,622,(changesave|836610901,WFTS.Bool.Rd.b0.055,1):(ok)
2016-07-11 10:29:31,716,(changesave|836610901,WFTS.Bool.Rd.b0.562,1):(ok)
2016-07-11 10:29:31,747,(changesave|836610901,WFTS.Bool.Rd.b0.695,1):(ok)
2016-07-11 10:29:31,747,(changesave|836610901,WFTS.Bool.Rd.b0.343,1):(ok)
2016-07-11 10:29:31,950,(changesave|836610901,WFTS.Bool.Rd.b0.831,1):(ok)
2016-07-11 10:29:31,966,(changesave|836610901,WFTS.Bool.Rd.b0.056,1):(ok)
2016-07-11 10:29:32,060,(changesave|836610901,WFTS.Bool.Rd.b0.563,1):(ok)
2016-07-11 10:29:32,107,(changesave|836610901,WFTS.Bool.Rd.b0.344,1):(ok)
2016-07-11 10:29:32,107,(changesave|836610901,WFTS.Bool.Rd.b0.696,1):(ok)
2016-07-11 10:29:32,294,(changesave|836610901,WFTS.Bool.Rd.b0.832,1):(ok)
2016-07-11 10:29:32,310,(changesave|836610901,WFTS.Bool.Rd.b0.058,1):(ok)
2016-07-11 10:29:32,404,(changesave|836610901,WFTS.Bool.Rd.b0.564,1):(ok)
2016-07-11 10:29:32,450,(changesave|836610901,WFTS.Bool.Rd.b0.697,1):(ok)
2016-07-11 10:29:32,450,(changesave|836610901,WFTS.Bool.Rd.b0.345,1):(ok)
2016-07-11 10:29:32,643,(changesave|836610901,WFTS.Bool.Rd.b0.833,1):(ok)
2016-07-11 10:29:32,659,(changesave|836610901,WFTS.Bool.Rd.b0.062,1):(ok)
2016-07-11 10:29:32,753,(changesave|836610901,WFTS.Bool.Rd.b0.565,1):(ok)
2016-07-11 10:29:32,799,(changesave|836610901,WFTS.Bool.Rd.b0.698,1):(ok)
2016-07-11 10:29:32,799,(changesave|836610901,WFTS.Bool.Rd.b0.346,1):(ok)
2016-07-11 10:29:32,987,(changesave|836610901,WFTS.Bool.Rd.b0.834,1):(ok)
2016-07-11 10:29:33,003,(changesave|836610901,WFTS.Bool.Rd.b0.063,1):(ok)
2016-07-11 10:29:33,096,(changesave|836610901,WFTS.Bool.Rd.b0.566,1):(ok)
2016-07-11 10:29:33,159,(changesave|836610901,WFTS.Bool.Rd.b0.347,1):(ok)
2016-07-11 10:29:33,159,(changesave|836610901,WFTS.Bool.Rd.b0.699,1):(ok)
2016-07-11 10:29:33,346,(changesave|836610901,WFTS.Bool.Rd.b0.835,1):(ok)
2016-07-11 10:29:33,346,(changesave|836610901,WFTS.Bool.Rd.b0.064,1):(ok)
2016-07-11 10:29:33,456,(changesave|836610901,WFTS.Bool.Rd.b0.567,1):(ok)
2016-07-11 10:29:33,499,(changesave|836610901,WFTS.Bool.Rd.b0.700,1):(ok)
2016-07-11 10:29:33,499,(changesave|836610901,WFTS.Bool.Rd.b0.348,1):(ok)
2016-07-11 10:29:33,701,(changesave|836610901,WFTS.Bool.Rd.b0.065,1):(ok)
2016-07-11 10:29:33,701,(changesave|836610901,WFTS.Bool.Rd.b0.836,1):(ok)
2016-07-11 10:29:33,810,(changesave|836610901,WFTS.Bool.Rd.b0.568,1):(ok)
2016-07-11 10:29:33,841,(changesave|836610901,WFTS.Bool.Rd.b0.701,1):(ok)
2016-07-11 10:29:33,841,(changesave|836610901,WFTS.Bool.Rd.b0.349,1):(ok)
2016-07-11 10:29:34,060,(changesave|836610901,WFTS.Bool.Rd.b0.066,1):(ok)
2016-07-11 10:29:34,060,(changesave|836610901,WFTS.Bool.Rd.b0.837,1):(ok)
2016-07-11 10:29:34,169,(changesave|836610901,WFTS.Bool.Rd.b0.569,1):(ok)
2016-07-11 10:29:34,185,(changesave|836610901,WFTS.Bool.Rd.b0.350,1):(ok)
2016-07-11 10:29:34,185,(changesave|836610901,WFTS.Bool.Rd.b0.703,1):(ok)
2016-07-11 10:29:34,435,(changesave|836610901,WFTS.Bool.Rd.b0.838,1):(ok)
2016-07-11 10:29:34,435,(changesave|836610901,WFTS.Bool.Rd.b0.067,1):(ok)
2016-07-11 10:29:34,513,(changesave|836610901,WFTS.Bool.Rd.b0.570,1):(ok)
2016-07-11 10:29:34,529,(changesave|836610901,WFTS.Bool.Rd.b0.351,1):(ok)
2016-07-11 10:29:34,529,(changesave|836610901,WFTS.Bool.Rd.b0.704,1):(ok)
2016-07-11 10:29:34,795,(changesave|836610901,WFTS.Bool.Rd.b0.074,1):(ok)
2016-07-11 10:29:34,795,(changesave|836610901,WFTS.Bool.Rd.b0.839,1):(ok)
2016-07-11 10:29:34,857,(changesave|836610901,WFTS.Bool.Rd.b0.571,1):(ok)
2016-07-11 10:29:34,873,(changesave|836610901,WFTS.Bool.Rd.b0.705,1):(ok)
2016-07-11 10:29:34,873,(changesave|836610901,WFTS.Bool.Rd.b0.352,1):(ok)
2016-07-11 10:29:35,154,(changesave|836610901,WFTS.Bool.Rd.b0.075,1):(ok)
2016-07-11 10:29:35,154,(changesave|836610901,WFTS.Bool.Rd.b0.840,1):(ok)
2016-07-11 10:29:35,201,(changesave|836610901,WFTS.Bool.Rd.b0.572,1):(ok)
2016-07-11 10:29:35,216,(changesave|836610901,WFTS.Bool.Rd.b0.706,1):(ok)
2016-07-11 10:29:35,216,(changesave|836610901,WFTS.Bool.Rd.b0.353,1):(ok)
2016-07-11 10:29:35,498,(changesave|836610901,WFTS.Bool.Rd.b0.841,1):(ok)
2016-07-11 10:29:35,498,(changesave|836610901,WFTS.Bool.Rd.b0.076,1):(ok)
2016-07-11 10:29:35,538,(changesave|836610901,WFTS.Bool.Rd.b0.573,1):(ok)
2016-07-11 10:29:35,570,(changesave|836610901,WFTS.Bool.Rd.b0.707,1):(ok)
2016-07-11 10:29:35,570,(changesave|836610901,WFTS.Bool.Rd.b0.354,1):(ok)
2016-07-11 10:29:35,852,(changesave|836610901,WFTS.Bool.Rd.b0.077,1):(ok)
2016-07-11 10:29:35,852,(changesave|836610901,WFTS.Bool.Rd.b0.842,1):(ok)
2016-07-11 10:29:35,883,(changesave|836610901,WFTS.Bool.Rd.b0.574,1):(ok)
2016-07-11 10:29:35,914,(changesave|836610901,WFTS.Bool.Rd.b0.708,1):(ok)
2016-07-11 10:29:35,914,(changesave|836610901,WFTS.Bool.Rd.b0.355,1):(ok)
2016-07-11 10:29:36,211,(changesave|836610901,WFTS.Bool.Rd.b0.843,1):(ok)
2016-07-11 10:29:36,211,(changesave|836610901,WFTS.Bool.Rd.b0.079,1):(ok)
2016-07-11 10:29:36,242,(changesave|836610901,WFTS.Bool.Rd.b0.575,1):(ok)
2016-07-11 10:29:36,274,(changesave|836610901,WFTS.Bool.Rd.b0.709,1):(ok)
2016-07-11 10:29:36,274,(changesave|836610901,WFTS.Bool.Rd.b0.356,1):(ok)
2016-07-11 10:29:36,565,(changesave|836610901,WFTS.Bool.Rd.b0.080,1):(ok)
2016-07-11 10:29:36,565,(changesave|836610901,WFTS.Bool.Rd.b0.844,1):(ok)
2016-07-11 10:29:36,597,(changesave|836610901,WFTS.Bool.Rd.b0.576,1):(ok)
2016-07-11 10:29:36,628,(changesave|836610901,WFTS.Bool.Rd.b0.357,1):(ok)
2016-07-11 10:29:36,628,(changesave|836610901,WFTS.Bool.Rd.b0.710,1):(ok)
2016-07-11 10:29:36,925,(changesave|836610901,WFTS.Bool.Rd.b0.081,1):(ok)
2016-07-11 10:29:36,925,(changesave|836610901,WFTS.Bool.Rd.b0.845,1):(ok)
2016-07-11 10:29:36,940,(changesave|836610901,WFTS.Bool.Rd.b0.577,1):(ok)
2016-07-11 10:29:36,972,(changesave|836610901,WFTS.Bool.Rd.b0.711,1):(ok)
2016-07-11 10:29:36,972,(changesave|836610901,WFTS.Bool.Rd.b0.358,1):(ok)
2016-07-11 10:29:37,284,(changesave|836610901,WFTS.Bool.Rd.b0.086,1):(ok)
2016-07-11 10:29:37,300,(changesave|836610901,WFTS.Bool.Rd.b0.846,1):(ok)
2016-07-11 10:29:37,300,(changesave|836610901,WFTS.Bool.Rd.b0.578,1):(ok)
2016-07-11 10:29:37,315,(changesave|836610901,WFTS.Bool.Rd.b0.359,1):(ok)
2016-07-11 10:29:37,315,(changesave|836610901,WFTS.Bool.Rd.b0.712,1):(ok)
2016-07-11 10:29:37,637,(changesave|836610901,WFTS.Bool.Rd.b0.087,1):(ok)
2016-07-11 10:29:37,653,(changesave|836610901,WFTS.Bool.Rd.b0.847,1):(ok)
2016-07-11 10:29:37,653,(changesave|836610901,WFTS.Bool.Rd.b0.579,1):(ok)
2016-07-11 10:29:37,668,(changesave|836610901,WFTS.Bool.Rd.b0.361,1):(ok)
2016-07-11 10:29:37,668,(changesave|836610901,WFTS.Bool.Rd.b0.713,1):(ok)
2016-07-11 10:29:37,981,(changesave|836610901,WFTS.Bool.Rd.b0.089,1):(ok)
2016-07-11 10:29:37,996,(changesave|836610901,WFTS.Bool.Rd.b0.848,1):(ok)
2016-07-11 10:29:37,996,(changesave|836610901,WFTS.Bool.Rd.b0.580,1):(ok)
2016-07-11 10:29:38,012,(changesave|836610901,WFTS.Bool.Rd.b0.714,1):(ok)
2016-07-11 10:29:38,012,(changesave|836610901,WFTS.Bool.Rd.b0.366,1):(ok)
2016-07-11 10:29:38,325,(changesave|836610901,WFTS.Bool.Rd.b0.090,1):(ok)
2016-07-11 10:29:38,356,(changesave|836610901,WFTS.Bool.Rd.b0.715,1):(ok)
2016-07-11 10:29:38,356,(changesave|836610901,WFTS.Bool.Rd.b0.581,1):(ok)
2016-07-11 10:29:38,356,(changesave|836610901,WFTS.Bool.Rd.b0.367,1):(ok)
2016-07-11 10:29:38,356,(changesave|836610901,WFTS.Bool.Rd.b0.849,1):(ok)
2016-07-11 10:29:38,674,(changesave|836610901,WFTS.Bool.Rd.b0.091,1):(ok)
2016-07-11 10:29:38,721,(changesave|836610901,WFTS.Bool.Rd.b0.582,1):(ok)
2016-07-11 10:29:38,721,(changesave|836610901,WFTS.Bool.Rd.b0.368,1):(ok)
2016-07-11 10:29:38,721,(changesave|836610901,WFTS.Bool.Rd.b0.850,1):(ok)
2016-07-11 10:29:38,721,(changesave|836610901,WFTS.Bool.Rd.b0.716,1):(ok)
2016-07-11 10:29:39,030,(changesave|836610901,WFTS.Bool.Rd.b0.097,1):(ok)
2016-07-11 10:29:39,077,(changesave|836610901,WFTS.Bool.Rd.b0.583,1):(ok)
2016-07-11 10:29:39,092,(changesave|836610901,WFTS.Bool.Rd.b0.851,1):(ok)
2016-07-11 10:29:39,092,(changesave|836610901,WFTS.Bool.Rd.b0.717,1):(ok)
2016-07-11 10:29:39,108,(changesave|836610901,WFTS.Bool.Rd.b0.369,1):(ok)
2016-07-11 10:29:39,389,(changesave|836610901,WFTS.Bool.Rd.b0.098,1):(ok)
2016-07-11 10:29:39,436,(changesave|836610901,WFTS.Bool.Rd.b0.584,1):(ok)
2016-07-11 10:29:39,452,(changesave|836610901,WFTS.Bool.Rd.b0.852,1):(ok)
2016-07-11 10:29:39,467,(changesave|836610901,WFTS.Bool.Rd.b0.718,1):(ok)
2016-07-11 10:29:39,467,(changesave|836610901,WFTS.Bool.Rd.b0.373,1):(ok)
2016-07-11 10:29:39,732,(changesave|836610901,WFTS.Bool.Rd.b0.108,1):(ok)
2016-07-11 10:29:39,779,(changesave|836610901,WFTS.Bool.Rd.b0.585,1):(ok)
2016-07-11 10:29:39,810,(changesave|836610901,WFTS.Bool.Rd.b0.853,1):(ok)
2016-07-11 10:29:39,826,(changesave|836610901,WFTS.Bool.Rd.b0.385,1):(ok)
2016-07-11 10:29:39,826,(changesave|836610901,WFTS.Bool.Rd.b0.719,1):(ok)
2016-07-11 10:29:40,076,(changesave|836610901,WFTS.Bool.Rd.b0.109,1):(ok)
2016-07-11 10:29:40,123,(changesave|836610901,WFTS.Bool.Rd.b0.586,1):(ok)
2016-07-11 10:29:40,154,(changesave|836610901,WFTS.Bool.Rd.b0.854,1):(ok)
2016-07-11 10:29:40,170,(changesave|836610901,WFTS.Bool.Rd.b0.720,1):(ok)
2016-07-11 10:29:40,170,(changesave|836610901,WFTS.Bool.Rd.b0.386,1):(ok)
2016-07-11 10:29:40,435,(changesave|836610901,WFTS.Bool.Rd.b0.110,1):(ok)
2016-07-11 10:29:40,467,(changesave|836610901,WFTS.Bool.Rd.b0.587,1):(ok)
2016-07-11 10:29:40,493,(changesave|836610901,WFTS.Bool.Rd.b0.855,1):(ok)
2016-07-11 10:29:40,510,(changesave|836610901,WFTS.Bool.Rd.b0.387,1):(ok)
2016-07-11 10:29:40,517,(changesave|836610901,WFTS.Bool.Rd.b0.721,1):(ok)
2016-07-11 10:29:40,791,(changesave|836610901,WFTS.Bool.Rd.b0.111,1):(ok)
2016-07-11 10:29:40,823,(changesave|836610901,WFTS.Bool.Rd.b0.588,1):(ok)
2016-07-11 10:29:40,838,(changesave|836610901,WFTS.Bool.Rd.b0.856,1):(ok)
2016-07-11 10:29:40,854,(changesave|836610901,WFTS.Bool.Rd.b0.388,1):(ok)
2016-07-11 10:29:40,869,(changesave|836610901,WFTS.Bool.Rd.b0.722,1):(ok)
2016-07-11 10:29:41,135,(changesave|836610901,WFTS.Bool.Rd.b0.112,1):(ok)
2016-07-11 10:29:41,166,(changesave|836610901,WFTS.Bool.Rd.b0.589,1):(ok)
2016-07-11 10:29:41,182,(changesave|836610901,WFTS.Bool.Rd.b0.857,1):(ok)
2016-07-11 10:29:41,198,(changesave|836610901,WFTS.Bool.Rd.b0.389,1):(ok)
2016-07-11 10:29:41,229,(changesave|836610901,WFTS.Bool.Rd.b0.723,1):(ok)
2016-07-11 10:29:41,479,(changesave|836610901,WFTS.Bool.Rd.b0.113,1):(ok)
2016-07-11 10:29:41,510,(changesave|836610901,WFTS.Bool.Rd.b0.590,1):(ok)
2016-07-11 10:29:41,522,(changesave|836610901,WFTS.Bool.Rd.b0.858,1):(ok)
2016-07-11 10:29:41,552,(changesave|836610901,WFTS.Bool.Rd.b0.390,1):(ok)
2016-07-11 10:29:41,583,(changesave|836610901,WFTS.Bool.Rd.b0.724,1):(ok)
2016-07-11 10:29:41,833,(changesave|836610901,WFTS.Bool.Rd.b0.114,1):(ok)
2016-07-11 10:29:41,849,(changesave|836610901,WFTS.Bool.Rd.b0.591,1):(ok)
2016-07-11 10:29:41,865,(changesave|836610901,WFTS.Bool.Rd.b0.859,1):(ok)
2016-07-11 10:29:41,896,(changesave|836610901,WFTS.Bool.Rd.b0.391,1):(ok)
2016-07-11 10:29:41,927,(changesave|836610901,WFTS.Bool.Rd.b0.725,1):(ok)
2016-07-11 10:29:42,193,(changesave|836610901,WFTS.Bool.Rd.b0.115,1):(ok)
2016-07-11 10:29:42,193,(changesave|836610901,WFTS.Bool.Rd.b0.592,1):(ok)
2016-07-11 10:29:42,208,(changesave|836610901,WFTS.Bool.Rd.b0.860,1):(ok)
2016-07-11 10:29:42,239,(changesave|836610901,WFTS.Bool.Rd.b0.392,1):(ok)
2016-07-11 10:29:42,271,(changesave|836610901,WFTS.Bool.Rd.b0.726,1):(ok)
2016-07-11 10:29:42,535,(changesave|836610901,WFTS.Bool.Rd.b0.593,1):(ok)
2016-07-11 10:29:42,535,(changesave|836610901,WFTS.Bool.Rd.b0.120,1):(ok)
2016-07-11 10:29:42,555,(changesave|836610901,WFTS.Bool.Rd.b0.861,1):(ok)
2016-07-11 10:29:42,586,(changesave|836610901,WFTS.Bool.Rd.b0.404,1):(ok)
2016-07-11 10:29:42,618,(changesave|836610901,WFTS.Bool.Rd.b0.727,1):(ok)
2016-07-11 10:29:42,883,(changesave|836610901,WFTS.Bool.Rd.b0.594,1):(ok)
2016-07-11 10:29:42,883,(changesave|836610901,WFTS.Bool.Rd.b0.121,1):(ok)
2016-07-11 10:29:42,899,(changesave|836610901,WFTS.Bool.Rd.b0.862,1):(ok)
2016-07-11 10:29:42,930,(changesave|836610901,WFTS.Bool.Rd.b0.405,1):(ok)
2016-07-11 10:29:42,961,(changesave|836610901,WFTS.Bool.Rd.b0.728,1):(ok)
2016-07-11 10:29:43,227,(changesave|836610901,WFTS.Bool.Rd.b0.124,1):(ok)
2016-07-11 10:29:43,227,(changesave|836610901,WFTS.Bool.Rd.b0.595,1):(ok)
2016-07-11 10:29:43,243,(changesave|836610901,WFTS.Bool.Rd.b0.865,1):(ok)
2016-07-11 10:29:43,274,(changesave|836610901,WFTS.Bool.Rd.b0.406,1):(ok)
2016-07-11 10:29:43,305,(changesave|836610901,WFTS.Bool.Rd.b0.729,1):(ok)
2016-07-11 10:29:43,572,(changesave|836610901,WFTS.Bool.Rd.b0.125,1):(ok)
2016-07-11 10:29:43,603,(changesave|836610901,WFTS.Bool.Rd.b0.596,1):(ok)
2016-07-11 10:29:43,619,(changesave|836610901,WFTS.Bool.Rd.b0.866,1):(ok)
2016-07-11 10:29:43,635,(changesave|836610901,WFTS.Bool.Rd.b0.407,1):(ok)
2016-07-11 10:29:43,650,(changesave|836610901,WFTS.Bool.Rd.b0.730,1):(ok)
2016-07-11 10:29:43,920,(changesave|836610901,WFTS.Bool.Rd.b0.135,1):(ok)
2016-07-11 10:29:43,982,(changesave|836610901,WFTS.Bool.Rd.b0.867,1):(ok)
2016-07-11 10:29:43,982,(changesave|836610901,WFTS.Bool.Rd.b0.408,1):(ok)
2016-07-11 10:29:43,982,(changesave|836610901,WFTS.Bool.Rd.b0.597,1):(ok)
2016-07-11 10:29:43,998,(changesave|836610901,WFTS.Bool.Rd.b0.731,1):(ok)
2016-07-11 10:29:44,263,(changesave|836610901,WFTS.Bool.Rd.b0.136,1):(ok)
2016-07-11 10:29:44,332,(changesave|836610901,WFTS.Bool.Rd.b0.868,1):(ok)
2016-07-11 10:29:44,332,(changesave|836610901,WFTS.Bool.Rd.b0.409,1):(ok)
2016-07-11 10:29:44,332,(changesave|836610901,WFTS.Bool.Rd.b0.598,1):(ok)
2016-07-11 10:29:44,348,(changesave|836610901,WFTS.Bool.Rd.b0.732,1):(ok)
2016-07-11 10:29:44,616,(changesave|836610901,WFTS.Bool.Rd.b0.137,1):(ok)
2016-07-11 10:29:44,694,(changesave|836610901,WFTS.Bool.Rd.b0.869,1):(ok)
2016-07-11 10:29:44,694,(changesave|836610901,WFTS.Bool.Rd.b0.410,1):(ok)
2016-07-11 10:29:44,694,(changesave|836610901,WFTS.Bool.Rd.b0.599,1):(ok)
2016-07-11 10:29:44,710,(changesave|836610901,WFTS.Bool.Rd.b0.733,1):(ok)
2016-07-11 10:29:44,967,(changesave|836610901,WFTS.Bool.Rd.b0.138,1):(ok)
2016-07-11 10:29:45,061,(changesave|836610901,WFTS.Bool.Rd.b0.734,1):(ok)
2016-07-11 10:29:45,061,(changesave|836610901,WFTS.Bool.Rd.b0.600,1):(ok)
2016-07-11 10:29:45,061,(changesave|836610901,WFTS.Bool.Rd.b0.411,1):(ok)
2016-07-11 10:29:45,061,(changesave|836610901,WFTS.Bool.Rd.b0.870,1):(ok)
2016-07-11 10:29:45,327,(changesave|836610901,WFTS.Bool.Rd.b0.139,1):(ok)
2016-07-11 10:29:45,405,(changesave|836610901,WFTS.Bool.Rd.b0.735,1):(ok)
2016-07-11 10:29:45,420,(changesave|836610901,WFTS.Bool.Rd.b0.601,1):(ok)
2016-07-11 10:29:45,420,(changesave|836610901,WFTS.Bool.Rd.b0.423,1):(ok)
2016-07-11 10:29:45,420,(changesave|836610901,WFTS.Bool.Rd.b0.871,1):(ok)
2016-07-11 10:29:45,669,(changesave|836610901,WFTS.Bool.Rd.b0.140,1):(ok)
2016-07-11 10:29:45,747,(changesave|836610901,WFTS.Bool.Rd.b0.736,1):(ok)
2016-07-11 10:29:45,779,(changesave|836610901,WFTS.Bool.Rd.b0.602,1):(ok)
2016-07-11 10:29:45,779,(changesave|836610901,WFTS.Bool.Rd.b0.424,1):(ok)
2016-07-11 10:29:45,779,(changesave|836610901,WFTS.Bool.Rd.b0.872,1):(ok)
2016-07-11 10:29:46,028,(changesave|836610901,WFTS.Bool.Rd.b0.142,1):(ok)
2016-07-11 10:29:46,107,(changesave|836610901,WFTS.Bool.Rd.b0.737,1):(ok)
2016-07-11 10:29:46,138,(changesave|836610901,WFTS.Bool.Rd.b0.873,1):(ok)
2016-07-11 10:29:46,138,(changesave|836610901,WFTS.Bool.Rd.b0.425,1):(ok)
2016-07-11 10:29:46,138,(changesave|836610901,WFTS.Bool.Rd.b0.603,1):(ok)
2016-07-11 10:29:46,372,(changesave|836610901,WFTS.Bool.Rd.b0.143,1):(ok)
2016-07-11 10:29:46,450,(changesave|836610901,WFTS.Bool.Rd.b0.738,1):(ok)
2016-07-11 10:29:46,497,(changesave|836610901,WFTS.Bool.Rd.b0.426,1):(ok)
2016-07-11 10:29:46,497,(changesave|836610901,WFTS.Bool.Rd.b0.604,1):(ok)
2016-07-11 10:29:46,497,(changesave|836610901,WFTS.Bool.Rd.b0.874,1):(ok)
2016-07-11 10:29:46,715,(changesave|836610901,WFTS.Bool.Rd.b0.144,1):(ok)
2016-07-11 10:29:46,808,(changesave|836610901,WFTS.Bool.Rd.b0.739,1):(ok)
2016-07-11 10:29:46,855,(changesave|836610901,WFTS.Bool.Rd.b0.875,1):(ok)
2016-07-11 10:29:46,855,(changesave|836610901,WFTS.Bool.Rd.b0.605,1):(ok)
2016-07-11 10:29:46,855,(changesave|836610901,WFTS.Bool.Rd.b0.427,1):(ok)
2016-07-11 10:29:47,058,(changesave|836610901,WFTS.Bool.Rd.b0.154,1):(ok)
2016-07-11 10:29:47,152,(changesave|836610901,WFTS.Bool.Rd.b0.740,1):(ok)
2016-07-11 10:29:47,199,(changesave|836610901,WFTS.Bool.Rd.b0.606,1):(ok)
2016-07-11 10:29:47,199,(changesave|836610901,WFTS.Bool.Rd.b0.876,1):(ok)
2016-07-11 10:29:47,199,(changesave|836610901,WFTS.Bool.Rd.b0.428,1):(ok)
2016-07-11 10:29:47,402,(changesave|836610901,WFTS.Bool.Rd.b0.155,1):(ok)
2016-07-11 10:29:47,493,(changesave|836610901,WFTS.Bool.Rd.b0.741,1):(ok)
2016-07-11 10:29:47,545,(changesave|836610901,WFTS.Bool.Rd.b0.877,1):(ok)
2016-07-11 10:29:47,545,(changesave|836610901,WFTS.Bool.Rd.b0.429,1):(ok)
2016-07-11 10:29:47,545,(changesave|836610901,WFTS.Bool.Rd.b0.607,1):(ok)
2016-07-11 10:29:47,749,(changesave|836610901,WFTS.Bool.Rd.b0.156,1):(ok)
2016-07-11 10:29:47,842,(changesave|836610901,WFTS.Bool.Rd.b0.742,1):(ok)
2016-07-11 10:29:47,905,(changesave|836610901,WFTS.Bool.Rd.b0.430,1):(ok)
2016-07-11 10:29:47,905,(changesave|836610901,WFTS.Bool.Rd.b0.608,1):(ok)
2016-07-11 10:29:47,920,(changesave|836610901,WFTS.Bool.Rd.b0.878,1):(ok)
2016-07-11 10:29:48,092,(changesave|836610901,WFTS.Bool.Rd.b0.157,1):(ok)
2016-07-11 10:29:48,186,(changesave|836610901,WFTS.Bool.Rd.b0.743,1):(ok)
2016-07-11 10:29:48,295,(changesave|836610901,WFTS.Bool.Rd.b0.609,1):(ok)
2016-07-11 10:29:48,295,(changesave|836610901,WFTS.Bool.Rd.b0.432,1):(ok)
2016-07-11 10:29:48,295,(changesave|836610901,WFTS.Bool.Rd.b0.879,1):(ok)
2016-07-11 10:29:48,452,(changesave|836610901,WFTS.Bool.Rd.b0.158,1):(ok)
2016-07-11 10:29:48,538,(changesave|836610901,WFTS.Bool.Rd.b0.744,1):(ok)
2016-07-11 10:29:48,648,(changesave|836610901,WFTS.Bool.Rd.b0.433,1):(ok)
2016-07-11 10:29:48,648,(changesave|836610901,WFTS.Bool.Rd.b0.610,1):(ok)
2016-07-11 10:29:48,648,(changesave|836610901,WFTS.Bool.Rd.b0.880,1):(ok)
2016-07-11 10:29:48,805,(changesave|836610901,WFTS.Bool.Rd.b0.159,1):(ok)
2016-07-11 10:29:48,889,(changesave|836610901,WFTS.Bool.Rd.b0.745,1):(ok)
2016-07-11 10:29:48,999,(changesave|836610901,WFTS.Bool.Rd.b0.611,1):(ok)
2016-07-11 10:29:48,999,(changesave|836610901,WFTS.Bool.Rd.b0.881,1):(ok)
2016-07-11 10:29:48,999,(changesave|836610901,WFTS.Bool.Rd.b0.434,1):(ok)
2016-07-11 10:29:49,155,(changesave|836610901,WFTS.Bool.Rd.b0.161,1):(ok)
2016-07-11 10:29:49,233,(changesave|836610901,WFTS.Bool.Rd.b0.746,1):(ok)
2016-07-11 10:29:49,358,(changesave|836610901,WFTS.Bool.Rd.b0.445,1):(ok)
2016-07-11 10:29:49,358,(changesave|836610901,WFTS.Bool.Rd.b0.882,1):(ok)
2016-07-11 10:29:49,358,(changesave|836610901,WFTS.Bool.Rd.b0.612,1):(ok)
2016-07-11 10:29:49,496,(changesave|836610901,WFTS.Bool.Rd.b0.162,1):(ok)
2016-07-11 10:29:49,577,(changesave|836610901,WFTS.Bool.Rd.b0.748,1):(ok)
2016-07-11 10:29:49,734,(changesave|836610901,WFTS.Bool.Rd.b0.613,1):(ok)
2016-07-11 10:29:49,734,(changesave|836610901,WFTS.Bool.Rd.b0.883,1):(ok)
2016-07-11 10:29:49,734,(changesave|836610901,WFTS.Bool.Rd.b0.450,1):(ok)
2016-07-11 10:29:49,843,(changesave|836610901,WFTS.Bool.Rd.b0.163,1):(ok)
2016-07-11 10:29:49,921,(changesave|836610901,WFTS.Bool.Rd.b0.749,1):(ok)
2016-07-11 10:29:50,085,(changesave|836610901,WFTS.Bool.Rd.b0.614,1):(ok)
2016-07-11 10:29:50,101,(changesave|836610901,WFTS.Bool.Rd.b0.451,1):(ok)
2016-07-11 10:29:50,101,(changesave|836610901,WFTS.Bool.Rd.b0.884,1):(ok)
2016-07-11 10:29:50,195,(changesave|836610901,WFTS.Bool.Rd.b0.173,1):(ok)
2016-07-11 10:29:50,257,(changesave|836610901,WFTS.Bool.Rd.b0.750,1):(ok)
2016-07-11 10:29:50,429,(changesave|836610901,WFTS.Bool.Rd.b0.615,1):(ok)
2016-07-11 10:29:50,460,(changesave|836610901,WFTS.Bool.Rd.b0.452,1):(ok)
2016-07-11 10:29:50,460,(changesave|836610901,WFTS.Bool.Rd.b0.885,1):(ok)
2016-07-11 10:29:50,549,(changesave|836610901,WFTS.Bool.Rd.b0.174,1):(ok)
2016-07-11 10:29:50,612,(changesave|836610901,WFTS.Bool.Rd.b0.751,1):(ok)
2016-07-11 10:29:50,784,(changesave|836610901,WFTS.Bool.Rd.b0.616,1):(ok)
2016-07-11 10:29:50,799,(changesave|836610901,WFTS.Bool.Rd.b0.453,1):(ok)
2016-07-11 10:29:50,799,(changesave|836610901,WFTS.Bool.Rd.b0.886,1):(ok)
2016-07-11 10:29:50,893,(changesave|836610901,WFTS.Bool.Rd.b0.175,1):(ok)
2016-07-11 10:29:50,955,(changesave|836610901,WFTS.Bool.Rd.b0.752,1):(ok)
2016-07-11 10:29:51,127,(changesave|836610901,WFTS.Bool.Rd.b0.617,1):(ok)
2016-07-11 10:29:51,158,(changesave|836610901,WFTS.Bool.Rd.b0.454,1):(ok)
2016-07-11 10:29:51,158,(changesave|836610901,WFTS.Bool.Rd.b0.888,1):(ok)
2016-07-11 10:29:51,268,(changesave|836610901,WFTS.Bool.Rd.b0.176,1):(ok)
2016-07-11 10:29:51,299,(changesave|836610901,WFTS.Bool.Rd.b0.753,1):(ok)
2016-07-11 10:29:51,477,(changesave|836610901,WFTS.Bool.Rd.b0.618,1):(ok)
2016-07-11 10:29:51,511,(changesave|836610901,WFTS.Bool.Rd.b0.889,1):(ok)
2016-07-11 10:29:51,511,(changesave|836610901,WFTS.Bool.Rd.b0.455,1):(ok)
2016-07-11 10:29:51,621,(changesave|836610901,WFTS.Bool.Rd.b0.177,1):(ok)
2016-07-11 10:29:51,637,(changesave|836610901,WFTS.Bool.Rd.b0.754,1):(ok)
2016-07-11 10:29:51,824,(changesave|836610901,WFTS.Bool.Rd.b0.619,1):(ok)
2016-07-11 10:29:51,855,(changesave|836610901,WFTS.Bool.Rd.b0.463,1):(ok)
2016-07-11 10:29:51,855,(changesave|836610901,WFTS.Bool.Rd.b0.890,1):(ok)
2016-07-11 10:29:51,965,(changesave|836610901,WFTS.Bool.Rd.b0.178,1):(ok)
2016-07-11 10:29:51,980,(changesave|836610901,WFTS.Bool.Rd.b0.755,1):(ok)
2016-07-11 10:29:52,168,(changesave|836610901,WFTS.Bool.Rd.b0.620,1):(ok)
2016-07-11 10:29:52,215,(changesave|836610901,WFTS.Bool.Rd.b0.891,1):(ok)
2016-07-11 10:29:52,215,(changesave|836610901,WFTS.Bool.Rd.b0.464,1):(ok)
2016-07-11 10:29:52,309,(changesave|836610901,WFTS.Bool.Rd.b0.180,1):(ok)
2016-07-11 10:29:52,324,(changesave|836610901,WFTS.Bool.Rd.b0.756,1):(ok)
2016-07-11 10:29:52,517,(changesave|836610901,WFTS.Bool.Rd.b0.621,1):(ok)
2016-07-11 10:29:52,564,(changesave|836610901,WFTS.Bool.Rd.b0.892,1):(ok)
2016-07-11 10:29:52,564,(changesave|836610901,WFTS.Bool.Rd.b0.465,1):(ok)
2016-07-11 10:29:52,657,(changesave|836610901,WFTS.Bool.Rd.b0.181,1):(ok)
2016-07-11 10:29:52,673,(changesave|836610901,WFTS.Bool.Rd.b0.757,1):(ok)
2016-07-11 10:29:52,860,(changesave|836610901,WFTS.Bool.Rd.b0.622,1):(ok)
2016-07-11 10:29:52,907,(changesave|836610901,WFTS.Bool.Rd.b0.893,1):(ok)
2016-07-11 10:29:52,907,(changesave|836610901,WFTS.Bool.Rd.b0.466,1):(ok)
2016-07-11 10:29:53,001,(changesave|836610901,WFTS.Bool.Rd.b0.182,1):(ok)
2016-07-11 10:29:53,017,(changesave|836610901,WFTS.Bool.Rd.b0.758,1):(ok)
2016-07-11 10:29:53,204,(changesave|836610901,WFTS.Bool.Rd.b0.623,1):(ok)
2016-07-11 10:29:53,267,(changesave|836610901,WFTS.Bool.Rd.b0.467,1):(ok)
2016-07-11 10:29:53,267,(changesave|836610901,WFTS.Bool.Rd.b0.894,1):(ok)
2016-07-11 10:29:53,345,(changesave|836610901,WFTS.Bool.Rd.b0.183,1):(ok)
2016-07-11 10:29:53,360,(changesave|836610901,WFTS.Bool.Rd.b0.759,1):(ok)
2016-07-11 10:29:53,547,(changesave|836610901,WFTS.Bool.Rd.b0.626,1):(ok)
2016-07-11 10:29:53,610,(changesave|836610901,WFTS.Bool.Rd.b0.468,1):(ok)
2016-07-11 10:29:53,610,(changesave|836610901,WFTS.Bool.Rd.b0.895,1):(ok)
2016-07-11 10:29:53,688,(changesave|836610901,WFTS.Bool.Rd.b0.184,1):(ok)
2016-07-11 10:29:53,703,(changesave|836610901,WFTS.Bool.Rd.b0.760,1):(ok)
2016-07-11 10:29:53,925,(changesave|836610901,WFTS.Bool.Rd.b0.627,1):(ok)
2016-07-11 10:29:53,957,(changesave|836610901,WFTS.Bool.Rd.b0.896,1):(ok)
2016-07-11 10:29:53,957,(changesave|836610901,WFTS.Bool.Rd.b0.479,1):(ok)
2016-07-11 10:29:54,035,(changesave|836610901,WFTS.Bool.Rd.b0.193,1):(ok)
2016-07-11 10:29:54,050,(changesave|836610901,WFTS.Bool.Rd.b0.761,1):(ok)
2016-07-11 10:29:54,269,(changesave|836610901,WFTS.Bool.Rd.b0.628,1):(ok)
2016-07-11 10:29:54,300,(changesave|836610901,WFTS.Bool.Rd.b0.480,1):(ok)
2016-07-11 10:29:54,300,(changesave|836610901,WFTS.Bool.Rd.b0.897,1):(ok)
2016-07-11 10:29:54,379,(changesave|836610901,WFTS.Bool.Rd.b0.194,1):(ok)
2016-07-11 10:29:54,394,(changesave|836610901,WFTS.Bool.Rd.b0.762,1):(ok)
2016-07-11 10:29:54,613,(changesave|836610901,WFTS.Bool.Rd.b0.629,1):(ok)
2016-07-11 10:29:54,660,(changesave|836610901,WFTS.Bool.Rd.b0.898,1):(ok)
2016-07-11 10:29:54,660,(changesave|836610901,WFTS.Bool.Rd.b0.481,1):(ok)
2016-07-11 10:29:54,722,(changesave|836610901,WFTS.Bool.Rd.b0.195,1):(ok)
2016-07-11 10:29:54,754,(changesave|836610901,WFTS.Bool.Rd.b0.763,1):(ok)
2016-07-11 10:29:54,957,(changesave|836610901,WFTS.Bool.Rd.b0.630,1):(ok)
2016-07-11 10:29:55,019,(changesave|836610901,WFTS.Bool.Rd.b0.482,1):(ok)
2016-07-11 10:29:55,019,(changesave|836610901,WFTS.Bool.Rd.b0.899,1):(ok)
2016-07-11 10:29:55,066,(changesave|836610901,WFTS.Bool.Rd.b0.196,1):(ok)
2016-07-11 10:29:55,097,(changesave|836610901,WFTS.Bool.Rd.b0.764,1):(ok)
2016-07-11 10:29:55,312,(changesave|836610901,WFTS.Bool.Rd.b0.631,1):(ok)
2016-07-11 10:29:55,375,(changesave|836610901,WFTS.Bool.Rd.b0.483,1):(ok)
2016-07-11 10:29:55,390,(changesave|836610901,WFTS.Bool.Rd.b0.900,1):(ok)
2016-07-11 10:29:55,406,(changesave|836610901,WFTS.Bool.Rd.b0.197,1):(ok)
2016-07-11 10:29:55,437,(changesave|836610901,WFTS.Bool.Rd.b0.766,1):(ok)
2016-07-11 10:29:55,675,(changesave|836610901,WFTS.Bool.Rd.b0.632,1):(ok)
2016-07-11 10:29:55,722,(changesave|836610901,WFTS.Bool.Rd.b0.484,1):(ok)
2016-07-11 10:29:55,737,(changesave|836610901,WFTS.Bool.Rd.b0.901,1):(ok)
2016-07-11 10:29:55,753,(changesave|836610901,WFTS.Bool.Rd.b0.200,1):(ok)
2016-07-11 10:29:55,800,(changesave|836610901,WFTS.Bool.Rd.b0.767,1):(ok)
2016-07-11 10:29:56,019,(changesave|836610901,WFTS.Bool.Rd.b0.633,1):(ok)
2016-07-11 10:29:56,065,(changesave|836610901,WFTS.Bool.Rd.b0.485,1):(ok)
2016-07-11 10:29:56,081,(changesave|836610901,WFTS.Bool.Rd.b0.902,1):(ok)
2016-07-11 10:29:56,097,(changesave|836610901,WFTS.Bool.Rd.b0.201,1):(ok)
2016-07-11 10:29:56,143,(changesave|836610901,WFTS.Bool.Rd.b0.768,1):(ok)
2016-07-11 10:29:56,378,(changesave|836610901,WFTS.Bool.Rd.b0.634,1):(ok)
2016-07-11 10:29:56,425,(changesave|836610901,WFTS.Bool.Rd.b0.486,1):(ok)
2016-07-11 10:29:56,440,(changesave|836610901,WFTS.Bool.Rd.b0.903,1):(ok)
2016-07-11 10:29:56,440,(changesave|836610901,WFTS.Bool.Rd.b0.211,1):(ok)
2016-07-11 10:29:56,480,(changesave|836610901,WFTS.Bool.Rd.b0.769,1):(ok)
2016-07-11 10:29:56,727,(changesave|836610901,WFTS.Bool.Rd.b0.635,1):(ok)
2016-07-11 10:29:56,774,(changesave|836610901,WFTS.Bool.Rd.b0.497,1):(ok)
2016-07-11 10:29:56,789,(changesave|836610901,WFTS.Bool.Rd.b0.904,1):(ok)
2016-07-11 10:29:56,789,(changesave|836610901,WFTS.Bool.Rd.b0.212,1):(ok)
2016-07-11 10:29:56,820,(changesave|836610901,WFTS.Bool.Rd.b0.770,1):(ok)
2016-07-11 10:29:57,070,(changesave|836610901,WFTS.Bool.Rd.b0.636,1):(ok)
2016-07-11 10:29:57,133,(changesave|836610901,WFTS.Bool.Rd.b0.498,1):(ok)
2016-07-11 10:29:57,149,(changesave|836610901,WFTS.Bool.Rd.b0.905,1):(ok)
2016-07-11 10:29:57,149,(changesave|836610901,WFTS.Bool.Rd.b0.213,1):(ok)
2016-07-11 10:29:57,164,(changesave|836610901,WFTS.Bool.Rd.b0.771,1):(ok)
2016-07-11 10:29:57,430,(changesave|836610901,WFTS.Bool.Rd.b0.637,1):(ok)
2016-07-11 10:29:57,477,(changesave|836610901,WFTS.Bool.Rd.b0.499,1):(ok)
2016-07-11 10:29:57,508,(changesave|836610901,WFTS.Bool.Rd.b0.906,1):(ok)
2016-07-11 10:29:57,523,(changesave|836610901,WFTS.Bool.Rd.b0.772,1):(ok)
2016-07-11 10:29:57,523,(changesave|836610901,WFTS.Bool.Rd.b0.214,1):(ok)
2016-07-11 10:29:57,781,(changesave|836610901,WFTS.Bool.Rd.b0.638,1):(ok)
2016-07-11 10:29:57,828,(changesave|836610901,WFTS.Bool.Rd.b0.500,1):(ok)
2016-07-11 10:29:57,859,(changesave|836610901,WFTS.Bool.Rd.b0.908,1):(ok)
2016-07-11 10:29:57,875,(changesave|836610901,WFTS.Bool.Rd.b0.773,1):(ok)
2016-07-11 10:29:57,875,(changesave|836610901,WFTS.Bool.Rd.b0.215,1):(ok)
2016-07-11 10:29:58,140,(changesave|836610901,WFTS.Bool.Rd.b0.639,1):(ok)
2016-07-11 10:29:58,172,(changesave|836610901,WFTS.Bool.Rd.b0.501,1):(ok)
2016-07-11 10:29:58,203,(changesave|836610901,WFTS.Bool.Rd.b0.909,1):(ok)
2016-07-11 10:29:58,219,(changesave|836610901,WFTS.Bool.Rd.b0.216,1):(ok)
2016-07-11 10:29:58,219,(changesave|836610901,WFTS.Bool.Rd.b0.774,1):(ok)
2016-07-11 10:29:58,484,(changesave|836610901,WFTS.Bool.Rd.b0.640,1):(ok)
2016-07-11 10:29:58,513,(changesave|836610901,WFTS.Bool.Rd.b0.508,1):(ok)
2016-07-11 10:29:58,556,(changesave|836610901,WFTS.Bool.Rd.b0.910,1):(ok)
2016-07-11 10:29:58,571,(changesave|836610901,WFTS.Bool.Rd.b0.775,1):(ok)
2016-07-11 10:29:58,571,(changesave|836610901,WFTS.Bool.Rd.b0.222,1):(ok)
2016-07-11 10:29:58,837,(changesave|836610901,WFTS.Bool.Rd.b0.641,1):(ok)
2016-07-11 10:29:58,852,(changesave|836610901,WFTS.Bool.Rd.b0.509,1):(ok)
2016-07-11 10:29:58,899,(changesave|836610901,WFTS.Bool.Rd.b0.911,1):(ok)
2016-07-11 10:29:58,915,(changesave|836610901,WFTS.Bool.Rd.b0.223,1):(ok)
2016-07-11 10:29:58,915,(changesave|836610901,WFTS.Bool.Rd.b0.776,1):(ok)
2016-07-11 10:29:59,181,(changesave|836610901,WFTS.Bool.Rd.b0.642,1):(ok)
2016-07-11 10:29:59,196,(changesave|836610901,WFTS.Bool.Rd.b0.510,1):(ok)
2016-07-11 10:29:59,259,(changesave|836610901,WFTS.Bool.Rd.b0.912,1):(ok)
2016-07-11 10:29:59,274,(changesave|836610901,WFTS.Bool.Rd.b0.777,1):(ok)
2016-07-11 10:29:59,274,(changesave|836610901,WFTS.Bool.Rd.b0.226,1):(ok)
2016-07-11 10:29:59,523,(changesave|836610901,WFTS.Bool.Rd.b0.643,1):(ok)
2016-07-11 10:29:59,539,(changesave|836610901,WFTS.Bool.Rd.b0.511,1):(ok)
2016-07-11 10:29:59,602,(changesave|836610901,WFTS.Bool.Rd.b0.913,1):(ok)
2016-07-11 10:29:59,633,(changesave|836610901,WFTS.Bool.Rd.b0.778,1):(ok)
2016-07-11 10:29:59,633,(changesave|836610901,WFTS.Bool.Rd.b0.227,1):(ok)
2016-07-11 10:29:59,868,(changesave|836610901,WFTS.Bool.Rd.b0.644,1):(ok)
2016-07-11 10:29:59,884,(changesave|836610901,WFTS.Bool.Rd.b0.512,1):(ok)
2016-07-11 10:29:59,946,(changesave|836610901,WFTS.Bool.Rd.b0.914,1):(ok)
2016-07-11 10:29:59,977,(changesave|836610901,WFTS.Bool.Rd.b0.779,1):(ok)
2016-07-11 10:29:59,977,(changesave|836610901,WFTS.Bool.Rd.b0.228,1):(ok)
2016-07-11 10:30:00,212,(changesave|836610901,WFTS.Bool.Rd.b0.645,1):(ok)
2016-07-11 10:30:00,227,(changesave|836610901,WFTS.Bool.Rd.b0.513,1):(ok)
2016-07-11 10:30:00,290,(changesave|836610901,WFTS.Bool.Rd.b0.915,1):(ok)
2016-07-11 10:30:00,337,(changesave|836610901,WFTS.Bool.Rd.b0.229,1):(ok)
2016-07-11 10:30:00,337,(changesave|836610901,WFTS.Bool.Rd.b0.780,1):(ok)
2016-07-11 10:30:00,568,(changesave|836610901,WFTS.Bool.Rd.b0.646,1):(ok)
2016-07-11 10:30:00,583,(changesave|836610901,WFTS.Bool.Rd.b0.514,1):(ok)
2016-07-11 10:30:00,646,(changesave|836610901,WFTS.Bool.Rd.b0.916,1):(ok)
2016-07-11 10:30:00,693,(changesave|836610901,WFTS.Bool.Rd.b0.230,1):(ok)
2016-07-11 10:30:00,693,(changesave|836610901,WFTS.Bool.Rd.b0.781,1):(ok)
2016-07-11 10:30:00,911,(changesave|836610901,WFTS.Bool.Rd.b0.647,1):(ok)
2016-07-11 10:30:00,927,(changesave|836610901,WFTS.Bool.Rd.b0.515,1):(ok)
2016-07-11 10:30:00,990,(changesave|836610901,WFTS.Bool.Rd.b0.917,1):(ok)
2016-07-11 10:30:01,052,(changesave|836610901,WFTS.Bool.Rd.b0.782,1):(ok)
2016-07-11 10:30:01,052,(changesave|836610901,WFTS.Bool.Rd.b0.231,1):(ok)
2016-07-11 10:30:01,255,(changesave|836610901,WFTS.Bool.Rd.b0.648,1):(ok)
2016-07-11 10:30:01,286,(changesave|836610901,WFTS.Bool.Rd.b0.516,1):(ok)
2016-07-11 10:30:01,349,(changesave|836610901,WFTS.Bool.Rd.b0.918,1):(ok)
2016-07-11 10:30:01,411,(changesave|836610901,WFTS.Bool.Rd.b0.232,1):(ok)
2016-07-11 10:30:01,411,(changesave|836610901,WFTS.Bool.Rd.b0.785,1):(ok)
2016-07-11 10:30:01,600,(changesave|836610901,WFTS.Bool.Rd.b0.649,1):(ok)
2016-07-11 10:30:01,631,(changesave|836610901,WFTS.Bool.Rd.b0.517,1):(ok)
2016-07-11 10:30:01,693,(changesave|836610901,WFTS.Bool.Rd.b0.919,1):(ok)
2016-07-11 10:30:01,772,(changesave|836610901,WFTS.Bool.Rd.b0.786,1):(ok)
2016-07-11 10:30:01,772,(changesave|836610901,WFTS.Bool.Rd.b0.233,1):(ok)
2016-07-11 10:30:01,944,(changesave|836610901,WFTS.Bool.Rd.b0.650,1):(ok)
2016-07-11 10:30:01,975,(changesave|836610901,WFTS.Bool.Rd.b0.518,1):(ok)
2016-07-11 10:30:02,037,(changesave|836610901,WFTS.Bool.Rd.b0.920,1):(ok)
2016-07-11 10:30:02,131,(changesave|836610901,WFTS.Bool.Rd.b0.235,1):(ok)
2016-07-11 10:30:02,131,(changesave|836610901,WFTS.Bool.Rd.b0.787,1):(ok)
2016-07-11 10:30:02,303,(changesave|836610901,WFTS.Bool.Rd.b0.651,1):(ok)
2016-07-11 10:30:02,318,(changesave|836610901,WFTS.Bool.Rd.b0.519,1):(ok)
2016-07-11 10:30:02,397,(changesave|836610901,WFTS.Bool.Rd.b0.921,1):(ok)
2016-07-11 10:30:02,477,(changesave|836610901,WFTS.Bool.Rd.b0.236,1):(ok)
2016-07-11 10:30:02,485,(changesave|836610901,WFTS.Bool.Rd.b0.788,1):(ok)
2016-07-11 10:30:02,653,(changesave|836610901,WFTS.Bool.Rd.b0.652,1):(ok)
2016-07-11 10:30:02,669,(changesave|836610901,WFTS.Bool.Rd.b0.520,1):(ok)
2016-07-11 10:30:02,747,(changesave|836610901,WFTS.Bool.Rd.b0.922,1):(ok)
2016-07-11 10:30:02,856,(changesave|836610901,WFTS.Bool.Rd.b0.789,1):(ok)
2016-07-11 10:30:02,856,(changesave|836610901,WFTS.Bool.Rd.b0.237,1):(ok)
2016-07-11 10:30:02,997,(changesave|836610901,WFTS.Bool.Rd.b0.653,1):(ok)
2016-07-11 10:30:03,012,(changesave|836610901,WFTS.Bool.Rd.b0.521,1):(ok)
2016-07-11 10:30:03,090,(changesave|836610901,WFTS.Bool.Rd.b0.923,1):(ok)
2016-07-11 10:30:03,216,(changesave|836610901,WFTS.Bool.Rd.b0.790,1):(ok)
2016-07-11 10:30:03,216,(changesave|836610901,WFTS.Bool.Rd.b0.238,1):(ok)
2016-07-11 10:30:03,356,(changesave|836610901,WFTS.Bool.Rd.b0.522,1):(ok)
2016-07-11 10:30:03,356,(changesave|836610901,WFTS.Bool.Rd.b0.654,1):(ok)
2016-07-11 10:30:03,434,(changesave|836610901,WFTS.Bool.Rd.b0.924,1):(ok)
2016-07-11 10:30:03,562,(changesave|836610901,WFTS.Bool.Rd.b0.239,1):(ok)
2016-07-11 10:30:03,562,(changesave|836610901,WFTS.Bool.Rd.b0.791,1):(ok)
2016-07-11 10:30:03,719,(changesave|836610901,WFTS.Bool.Rd.b0.523,1):(ok)
2016-07-11 10:30:03,719,(changesave|836610901,WFTS.Bool.Rd.b0.655,1):(ok)
2016-07-11 10:30:03,797,(changesave|836610901,WFTS.Bool.Rd.b0.925,1):(ok)
2016-07-11 10:30:03,906,(changesave|836610901,WFTS.Bool.Rd.b0.240,1):(ok)
2016-07-11 10:30:03,906,(changesave|836610901,WFTS.Bool.Rd.b0.792,1):(ok)
2016-07-11 10:30:04,062,(changesave|836610901,WFTS.Bool.Rd.b0.524,1):(ok)
2016-07-11 10:30:04,062,(changesave|836610901,WFTS.Bool.Rd.b0.656,1):(ok)
2016-07-11 10:30:04,141,(changesave|836610901,WFTS.Bool.Rd.b0.926,1):(ok)
2016-07-11 10:30:04,482,(changesave|836610901,WFTS.Bool.Rd.b0.927,1):(ok)
2016-07-11 10:30:04,822,(changesave|836610901,WFTS.Bool.Rd.b0.928,1):(ok)
2016-07-11 10:30:05,182,(changesave|836610901,WFTS.Bool.Rd.b0.930,1):(ok)
